{"cameraMode":{"drawMode":0,"name":"Shaded","section":"Shading Mode"},"sceneLighting":false,"audioPlay":false,"sceneViewState":{"showFog":true,"showMaterialUpdate":false,"showSkybox":true,"showFlares":true,"showImageEffects":true,"showParticleSystems":true},"in2DMode":false,"pivot":{"x":-17.139314651489259,"y":-1.6332874298095704,"z":-91.67717742919922},"rotation":{"x":-0.16337457299232484,"y":0.6648384928703308,"z":-0.15238218009471894,"w":-0.7128008604049683},"size":95.84260559082031,"orthographic":false}