{"cameraMode":{"drawMode":0,"name":"Shaded","section":"Shading Mode"},"sceneLighting":false,"audioPlay":false,"sceneViewState":{"showFog":true,"showMaterialUpdate":false,"showSkybox":true,"showFlares":true,"showImageEffects":true,"showParticleSystems":true},"in2DMode":false,"pivot":{"x":1.1920928955078126e-7,"y":0.5643206834793091,"z":0.06577447056770325},"rotation":{"x":0.30569446086883547,"y":-0.2373584508895874,"z":0.0849490687251091,"w":0.9181489944458008},"size":2.226746082305908,"orthographic":false}