{"cameraMode":{"drawMode":0,"name":"Shaded","section":"Shading Mode"},"sceneLighting":false,"audioPlay":false,"sceneViewState":{"showFog":true,"showMaterialUpdate":false,"showSkybox":true,"showFlares":true,"showImageEffects":true,"showParticleSystems":true},"in2DMode":false,"pivot":{"x":-42.39290237426758,"y":-1.512766718864441,"z":-4.049413681030273},"rotation":{"x":-0.20340998470783235,"y":0.39009732007980349,"z":-0.08879651129245758,"w":-0.8936287760734558},"size":4.7646331787109379,"orthographic":false}